{"cameraMode":{"drawMode":0,"name":"Shaded","section":"Shading Mode"},"sceneLighting":true,"audioPlay":false,"sceneViewState":{"showFog":true,"showMaterialUpdate":false,"showSkybox":true,"showFlares":true,"showImageEffects":true,"showParticleSystems":true},"in2DMode":false,"pivot":{"x":1337.052734375,"y":-1007.4449462890625,"z":1548.6541748046875},"rotation":{"x":0.2661375105381012,"y":0.25773799419403078,"z":-0.07410707324743271,"w":0.9258976578712463},"size":2784.907958984375,"orthographic":false}