{"cameraMode":{"drawMode":0,"name":"Shaded","section":"Shading Mode"},"sceneLighting":false,"audioPlay":false,"sceneViewState":{"showFog":true,"showMaterialUpdate":false,"showSkybox":false,"showFlares":true,"showImageEffects":true,"showParticleSystems":true},"in2DMode":false,"pivot":{"x":0.03623121976852417,"y":0.01909273862838745,"z":0.06979590654373169},"rotation":{"x":0.1625736504793167,"y":0.7601770162582398,"z":-0.2081841230392456,"w":0.5936208963394165},"size":0.07544255256652832,"orthographic":false}