{"cameraMode":{"drawMode":0,"name":"Shaded","section":"Shading Mode"},"sceneLighting":false,"audioPlay":false,"sceneViewState":{"showFog":true,"showMaterialUpdate":false,"showSkybox":false,"showFlares":true,"showImageEffects":true,"showParticleSystems":true},"in2DMode":false,"pivot":{"x":4.357054710388184,"y":-42.76527786254883,"z":60.64357376098633},"rotation":{"x":0.30991196632385256,"y":0.034512799233198169,"z":-0.011261750012636185,"w":0.9500890374183655},"size":82.1150894165039,"orthographic":false}