{"cameraMode":{"drawMode":0,"name":"Shaded","section":"Shading Mode"},"sceneLighting":false,"audioPlay":false,"sceneViewState":{"showFog":true,"showMaterialUpdate":false,"showSkybox":false,"showFlares":true,"showImageEffects":true,"showParticleSystems":true},"in2DMode":false,"pivot":{"x":4.293946266174316,"y":-1.14284086227417,"z":-3.243471145629883},"rotation":{"x":0.08478836715221405,"y":0.8837152719497681,"z":-0.17620494961738587,"w":0.425233393907547},"size":18.126867294311525,"orthographic":false}